content,source,category,date
Competitive pricing compared to similar products in the market.,chat,pricing,2024-04-10
Product lifecycle support extends value beyond initial purchase.,social,product,2024-04-11
Order modification window is reasonable. Allows changes before shipping.,survey,service,2024-04-12
Carbon-neutral delivery option aligns with environmental consciousness.,email,delivery,2024-04-13
Regular feature updates keep the product current and relevant.,phone,feature,2024-04-14
Community-driven support forum provides peer assistance effectively.,email,support,2024-04-15
Transparent pricing with no hidden fees. Honest business practices appreciated.,chat,pricing,2024-04-16
Product accessories ecosystem enhances overall user experience.,social,product,2024-04-17
Proactive customer communication prevents issues before they escalate.,survey,service,2024-04-18
Flexible delivery scheduling accommodates busy lifestyles perfectly.,email,delivery,2024-04-19
Innovation in product design sets industry standards. Truly groundbreaking!,phone,feature,2024-04-20
Self-service support options reduce wait times effectively.,email,support,2024-04-21
Value-based pricing model offers fairness for different usage levels.,chat,pricing,2024-04-22
Product reliability has improved significantly with recent updates.,social,product,2024-04-23
Omnichannel customer experience is seamless across all touchpoints.,survey,service,2024-04-24
Same-day delivery in major cities is incredibly convenient for urgent needs.,email,delivery,2024-04-25
AI-powered features are intuitive and actually useful in daily workflows.,phone,feature,2025-05-01
Support ticket resolution time has improved dramatically this quarter.,chat,support,2025-05-15
New enterprise pricing plans offer excellent value for scaling businesses.,survey,pricing,2025-05-20
Product quality consistency has been maintained across all recent batches.,email,product,2025-05-25
Seasonal customer service training shows in improved interaction quality.,social,service,2025-05-30
Express delivery network expansion has significantly reduced shipping times.,phone,delivery,2025-06-01
Latest feature rollout was smooth with minimal disruption to existing workflows.,email,feature,2025-06-02
Enhanced self-help resources have reduced my need for direct support contact.,survey,support,2025-06-03
Dynamic pricing model adapts well to market conditions and customer demand.,chat,pricing,2025-06-04
Product innovation continues to exceed expectations even after years of use.,social,product,2025-06-05
